-- phpMyAdmin SQL Dump
-- version 5.2.1
-- https://www.phpmyadmin.net/
--
-- Host: 127.0.0.1
-- Generation Time: Oct 24, 2024 at 12:29 PM
-- Server version: 10.4.32-MariaDB
-- PHP Version: 8.2.12

SET SQL_MODE = "NO_AUTO_VALUE_ON_ZERO";
START TRANSACTION;
SET time_zone = "+00:00";


/*!40101 SET @OLD_CHARACTER_SET_CLIENT=@@CHARACTER_SET_CLIENT */;
/*!40101 SET @OLD_CHARACTER_SET_RESULTS=@@CHARACTER_SET_RESULTS */;
/*!40101 SET @OLD_COLLATION_CONNECTION=@@COLLATION_CONNECTION */;
/*!40101 SET NAMES utf8mb4 */;

--
-- Database: `cms`
--

-- --------------------------------------------------------

--
-- Table structure for table `articles`
--

CREATE TABLE `articles` (
  `id` bigint(20) UNSIGNED NOT NULL,
  `category_id` bigint(20) UNSIGNED NOT NULL,
  `published_at` date NOT NULL,
  `slug` varchar(255) NOT NULL,
  `title` varchar(255) NOT NULL,
  `description` varchar(255) NOT NULL,
  `content` text NOT NULL,
  `created_at` timestamp NULL DEFAULT NULL,
  `updated_at` timestamp NULL DEFAULT NULL
) ENGINE=InnoDB DEFAULT CHARSET=utf8mb4 COLLATE=utf8mb4_unicode_ci;

--
-- Dumping data for table `articles`
--

INSERT INTO `articles` (`id`, `category_id`, `published_at`, `slug`, `title`, `description`, `content`, `created_at`, `updated_at`) VALUES
(1, 3, '1992-03-01', 'in-rem-itaque-fugiat', 'In Rem Itaque Fugiat', 'Voluptate aut mollitia labore cupiditate debitis magnam.', 'Nam ullam aliquam cumque officia dolores in. Eaque repudiandae et sunt eum in est fugit. Voluptatibus molestias tenetur earum iusto corrupti voluptas. Facere voluptatum aut enim provident quaerat dolores eos et.<br/><br/>Cupiditate aut consequatur repellendus consectetur sit nihil. Rem nostrum libero dolor tempora eveniet soluta et ratione. Nobis odit ut ut qui et. Molestiae molestias reiciendis ratione quia suscipit cum.<br/><br/>Quo officia eum dolores voluptatem nihil similique quo vero. Debitis atque quidem qui asperiores.<br/><br/>Enim aut fugit provident voluptatem fugit voluptatum vero. Velit nihil consequuntur quaerat voluptate exercitationem. Eum laborum et cum perspiciatis. Cum molestias nihil omnis animi consequatur explicabo. Incidunt dolore reprehenderit ut omnis laborum.<br/><br/>Ab voluptas et eos vel explicabo doloremque esse. Veritatis facere expedita sequi iste. Aut quasi id voluptas.<br/><br/>Quis deserunt qui earum iusto harum et in. Inventore omnis autem aliquam earum dolores sed dolor. Enim itaque aperiam consequatur nisi repellendus.<br/><br/>Rerum facilis optio accusamus praesentium quas rerum. Et eius nostrum quia et nisi aperiam eos. Labore magnam ipsa et voluptas laboriosam odio. Fugit modi cupiditate magni aut praesentium.<br/><br/>Id suscipit hic odio natus ratione. Temporibus ipsum voluptatum cum neque. Totam deleniti vel voluptatem at et natus ex. Qui fuga veritatis sequi aut earum ex.', '2024-10-22 09:21:42', '2024-10-22 09:21:42'),
(2, 1, '2008-11-27', 'molestias-tempora-praesentium-fugit', 'Molestias Tempora Praesentium Fugit', 'Ea aut quo aut.', 'Dolores et libero consectetur autem ut aut hic ratione. Accusantium quo odit qui quis quis sit. Quisquam dolorem fugiat cumque officiis maxime eos numquam.<br/><br/>Commodi provident eos quam tenetur quisquam assumenda libero. Facilis laboriosam ea excepturi a. Enim voluptas placeat molestias qui qui doloremque.<br/><br/>Dicta illum voluptatem consequatur tenetur accusamus perferendis nobis iusto. Consectetur ratione commodi ratione. Dolor cumque dolore asperiores et. Commodi voluptate aspernatur nobis quaerat consequatur qui veniam.<br/><br/>Voluptas at perspiciatis pariatur vel sed eveniet cum. Similique provident distinctio dolorum possimus suscipit harum. Ad ut accusamus ut unde quasi. Ut aliquam dolores commodi nostrum perspiciatis non.<br/><br/>Et corrupti libero facere repudiandae. Quis explicabo consectetur impedit quasi et. Voluptates aut est libero et quaerat accusantium. Quia et pariatur aperiam occaecati maxime eveniet.<br/><br/>Laboriosam eos odit voluptate harum. Impedit rem magni officiis dolorem. Est ipsum in veritatis aut laudantium quisquam rerum qui.<br/><br/>Voluptas temporibus id dicta nihil at. Debitis et soluta amet asperiores dolorum est sit. Ipsum vel ab quas hic.<br/><br/>Corrupti eius nostrum explicabo aut atque quas quae. Reiciendis tenetur omnis cumque numquam. Reiciendis qui et eveniet sed et porro.', '2024-10-22 09:21:42', '2024-10-22 09:21:42'),
(3, 5, '2020-08-05', 'eos-animi-commodi-ab', 'Eos Animi Commodi Ab', 'Consequatur blanditiis voluptatem aut aut sunt autem.', 'Voluptatem dolores voluptate non. Esse inventore est dignissimos est. Rerum possimus vel blanditiis pariatur nemo aut et. Qui consequatur molestiae est sunt.<br/><br/>Adipisci animi dolorum voluptate necessitatibus. Sint quidem sint omnis. Voluptas accusamus officiis hic sed distinctio consequatur. Deleniti delectus aut fuga et repellendus tempore blanditiis numquam.<br/><br/>Commodi expedita nostrum ipsum qui qui quia nemo. Eaque qui expedita fuga cupiditate error accusantium.<br/><br/>Deserunt aut aperiam aliquam sint. Ut sit sed et voluptas dolorem consequuntur. Quo molestias aliquam occaecati aut error sed.<br/><br/>Doloribus ut aspernatur asperiores autem quaerat quis aliquid. Quaerat qui eveniet aliquam rerum ipsam. Voluptas eveniet autem illum quo.<br/><br/>Aut illo excepturi sunt minus debitis. Atque repellendus aut sunt laboriosam est reiciendis. Autem iste qui neque nulla velit cupiditate. Et molestiae tempora dolorem ut nihil.<br/><br/>Odit ut voluptatibus in. Excepturi aut sed et soluta. Laborum nemo esse ea sit reiciendis qui beatae. Debitis vitae sit rerum aliquam laborum dolores.<br/><br/>Iure delectus eveniet architecto qui itaque repellendus. Autem consequatur laborum eius soluta. Id odio dolorem distinctio animi.', '2024-10-22 09:21:42', '2024-10-22 09:21:42'),
(4, 5, '2015-06-21', 'ea-pariatur-nulla-voluptas', 'Ea Pariatur Nulla Voluptas', 'Et tempore modi enim.', 'Illum nostrum quia aut dolores in qui quis. Possimus sit velit at. Ipsam est excepturi nostrum consequatur omnis optio beatae. Ut qui iste aut tenetur incidunt beatae ipsam. Molestiae aut aspernatur omnis.<br/><br/>Facilis enim quidem ad exercitationem. Reprehenderit veritatis aut aspernatur dolorum soluta aspernatur nobis. Saepe sunt blanditiis numquam molestiae sit nobis. Laboriosam eum quam quia eos ex nostrum consequatur.<br/><br/>Molestiae architecto exercitationem aut sed autem voluptatem sint. Sunt eum omnis nostrum reiciendis consequatur rerum velit numquam. Ipsam optio reiciendis quaerat veniam incidunt rem.<br/><br/>Unde molestiae nam non est. Occaecati autem vel incidunt quo occaecati ipsa quia. Ut reprehenderit et qui autem.<br/><br/>Ducimus aspernatur cum id qui veritatis maxime. Tempore quis inventore nihil veniam tempore non ab. Sed ad dolor perferendis maiores tenetur. Reprehenderit qui suscipit tenetur non sit optio.<br/><br/>Nobis distinctio doloribus sed soluta molestias dolorum. Incidunt ut unde ut fugiat qui blanditiis neque. Quos modi et alias quibusdam placeat. Voluptate aperiam necessitatibus dolorum aut.<br/><br/>Voluptatem ipsa modi voluptatem. Quo aliquam ipsam aut quis accusantium rem provident. Rerum aperiam architecto id magni porro sint qui. Id dicta vero eligendi in.<br/><br/>Alias enim suscipit ut similique fugiat rerum sed. Dolor qui velit ut officiis ut minus libero. Optio et optio blanditiis eveniet vel. Repellat laborum blanditiis ut rem.', '2024-10-22 09:21:42', '2024-10-22 09:21:42'),
(5, 1, '2012-04-09', 'voluptas-laborum-libero-ullam', 'Voluptas Laborum Libero Ullam', 'Quae ea qui quo et.', 'Itaque id iure sunt enim aut sit voluptates optio. Nesciunt minima omnis molestiae. Quae nihil blanditiis non dolores neque est porro. Vel neque aut illo et deleniti fugiat sequi sequi.<br/><br/>Ab ad qui numquam dolores reprehenderit ut. Consequuntur placeat nobis dignissimos molestiae aut. Quibusdam eligendi minus ea odio totam in. Molestias doloremque aut nesciunt consequatur soluta.<br/><br/>Esse facilis voluptatem omnis aspernatur velit at. Ut eum consectetur voluptas architecto rerum sed magnam. Et optio illum non eaque ea quas ullam. Sed sunt numquam vitae qui omnis assumenda omnis. At fugiat totam inventore.<br/><br/>Blanditiis impedit ut aspernatur doloribus placeat eum voluptatem. Iure dignissimos ea praesentium sed. Consequatur voluptatem et nobis distinctio adipisci in sed. Dolore aut pariatur ut eos delectus neque.<br/><br/>Laboriosam autem veniam reprehenderit quia nihil quia. Laudantium occaecati quo iste rerum modi nihil est at. Eos suscipit magnam dolorem suscipit omnis amet quis quia. Eos praesentium eos optio iure saepe vel.<br/><br/>Dolorum dolores cupiditate officia repellendus molestias qui ea. Doloribus harum commodi iste atque minima sapiente. Ut ut et autem dolor. Enim omnis quam quas.<br/><br/>Fuga voluptas voluptas perferendis aut. Aspernatur repellat ea nulla natus qui modi. Doloremque perspiciatis minus distinctio et optio excepturi. Quasi consequuntur consequatur dolorum.<br/><br/>Illo qui et dolores eveniet iste quia omnis. A quia magni in totam molestiae. Voluptatem eveniet occaecati repudiandae tenetur. Quae similique et ut.', '2024-10-22 09:21:42', '2024-10-22 09:21:42'),
(6, 2, '1980-01-20', 'neque-rerum-nam-minus', 'Neque Rerum Nam Minus', 'Quisquam expedita exercitationem atque cumque sed aut.', 'Eveniet maiores alias et rerum rerum sit fugit. Aut fugit aliquid cumque molestiae nihil. Excepturi voluptatibus quae quibusdam omnis nostrum consectetur autem reiciendis. Quasi dolor illo quibusdam veniam quis aut temporibus rerum.<br/><br/>Enim qui ex debitis et illum reiciendis. Perferendis quis eaque earum. Atque veritatis quam tempore consequatur velit quam voluptas. Molestiae est eaque magnam esse.<br/><br/>Accusamus maxime voluptas quo doloremque dolorum adipisci et. Veniam necessitatibus modi tempore consectetur magnam. Possimus earum perspiciatis esse sunt sunt nesciunt molestiae. Culpa non et neque possimus fugit illum aut.<br/><br/>Commodi dignissimos dignissimos ex. Assumenda saepe amet corrupti dolor corrupti ducimus sit. Minus consectetur sint non soluta dicta natus soluta.<br/><br/>Qui natus tenetur est. Ad quidem qui ab. Tenetur ipsam et in sunt voluptate consequatur. Minima nulla mollitia explicabo.<br/><br/>Sunt autem autem voluptate atque omnis sed. Unde quidem eveniet in.<br/><br/>Quasi vitae quia consequuntur ad expedita labore. Sit eos et enim sit iusto. Eius odio ducimus ducimus qui voluptates officia.<br/><br/>Voluptatem praesentium optio esse rem. Eius illo et deserunt. Dolores qui itaque impedit est expedita veniam minima.', '2024-10-22 09:21:42', '2024-10-22 09:21:42'),
(7, 5, '1988-03-30', 'omnis-sit-non-quae', 'Omnis Sit Non Quae', 'Dolores velit sunt eaque quas.', 'Suscipit eum soluta non tempora sit provident sed. Autem iure exercitationem officiis iste. Ipsa velit quia porro non voluptas veniam et sit. Modi sunt dolorum sit ut nesciunt dolor in.<br/><br/>Sint nesciunt reiciendis minus aut et in accusantium. Neque laudantium est nesciunt quibusdam debitis. Deleniti id facere voluptatem quo hic enim et. Non rerum qui dicta quibusdam esse voluptas.<br/><br/>Iste perspiciatis aut tempora est tenetur non quam. Eligendi asperiores dolore sit ratione deleniti illum. Vitae aspernatur voluptates velit doloremque voluptatem.<br/><br/>Cum iste molestiae hic dolor. Reprehenderit temporibus illum rem nemo facere nam modi. Perferendis consectetur velit ut quam. Excepturi ducimus omnis reprehenderit aspernatur est assumenda ut.<br/><br/>Laborum totam laboriosam ut quos sint tenetur consequatur. Non quod porro nostrum veritatis eligendi architecto suscipit. Qui sequi voluptas in adipisci atque natus.<br/><br/>Et quae minima aut minima nam totam. Quia sed omnis velit et. Qui cum ut vel placeat vel doloremque dolor.<br/><br/>Sit ea qui occaecati nobis. Voluptate cum sunt aspernatur tempore impedit et. Id ut commodi consequatur fuga et. Odio aspernatur distinctio sint natus consequuntur dolores laborum.<br/><br/>Quis dignissimos tempore earum in omnis et odio. Consequuntur harum qui maxime ut. Id delectus et sit ut exercitationem ipsa aperiam. Qui molestiae aspernatur accusamus.', '2024-10-22 09:21:42', '2024-10-22 09:21:42'),
(8, 2, '2006-07-26', 'aperiam-tenetur-et-mollitia', 'Aperiam Tenetur Et Mollitia', 'Laudantium delectus et eligendi.', 'Eaque aut ex ea vero. Qui repellendus eligendi aut amet in. Sint et nesciunt sit incidunt.<br/><br/>Dolorum iste sed enim. Ducimus mollitia autem dolore non. Fugiat eum ea quo id voluptates.<br/><br/>Blanditiis natus ipsa omnis sed consequatur eum dolores. Eligendi consequatur ipsa placeat vitae dolore ex. Soluta non assumenda labore consequatur est iste dolore. Aut dolores quia neque enim provident iusto delectus est.<br/><br/>Pariatur praesentium aut optio doloremque. Quo accusantium culpa eveniet quia. Quisquam et consequatur iure inventore.<br/><br/>Ea quis in rerum nostrum. Aut omnis et pariatur delectus fuga. At tempore et qui.<br/><br/>Architecto vel enim ex provident. Aspernatur placeat est qui rerum. Autem consequuntur ea eius reprehenderit animi placeat. Eius sint quam rerum ea.<br/><br/>Soluta ex quo tempora. Vel rerum impedit repellat dolor. Sapiente vel at magnam voluptates vero aut. Dolor dolores soluta harum animi id temporibus laudantium.<br/><br/>Laborum inventore non voluptatum dignissimos corrupti. Aut veniam ducimus neque sit velit vero. Non repudiandae laboriosam ut suscipit molestias exercitationem et. Id ut vero et iure.', '2024-10-22 09:21:42', '2024-10-22 09:21:42'),
(9, 2, '1974-02-06', 'magnam-error-laborum-in', 'Magnam Error Laborum In', 'Culpa dignissimos eveniet odit.', 'Ipsam nobis numquam ut aut sint. Est eos dolorum sit aliquid minima. Fugit rerum earum harum eos consequatur dolores voluptatum. Explicabo rerum consectetur facilis animi et illo laudantium. Modi et voluptatem quae adipisci eos sint odit.<br/><br/>Sit et nesciunt sint et velit dolorem nemo sed. Recusandae ratione est vel harum eaque laboriosam. Rerum eligendi eius cum aut.<br/><br/>Ut incidunt quia optio omnis. Occaecati voluptatum repellendus aliquid accusamus quas quasi. Aut qui cum et iusto non molestias. Voluptatibus aut aut consequatur earum.<br/><br/>Rerum in quia quidem maiores error explicabo est. Maxime aut expedita vel consequatur praesentium minima modi et. Ipsa voluptatem adipisci quibusdam esse.<br/><br/>Tempora eligendi consequatur aliquid iste omnis consequatur qui. Non dignissimos pariatur rerum voluptatem aliquam animi et necessitatibus. Architecto dolores et sint voluptatum sunt nesciunt.<br/><br/>Totam dolore quis tempora asperiores. Similique laboriosam quia exercitationem quam. Reiciendis qui ipsum eius quae aut rerum modi. Quasi ducimus voluptas exercitationem sed autem ut consectetur.<br/><br/>Ab et inventore fuga ratione est. Tenetur et ducimus error odit et. Eaque tenetur rerum unde laboriosam nobis. Ea asperiores et consequuntur qui dolores ea.<br/><br/>Est eum ut harum incidunt maxime quos maxime velit. Ea voluptas nesciunt ex natus suscipit aspernatur. Doloremque esse vitae sapiente eum minima nemo.', '2024-10-22 09:21:43', '2024-10-22 09:21:43'),
(10, 3, '2020-03-10', 'est-rerum-animi-est', 'Est Rerum Animi Est', 'Animi nemo qui ducimus.', 'Numquam distinctio autem distinctio quasi facilis voluptate. Quia a deserunt delectus officia neque rerum. Eius eligendi rerum odio veniam adipisci.<br/><br/>Ut nulla consequatur voluptates ratione dolorem. Dolorem cumque natus sapiente in modi quas voluptatum.<br/><br/>Quo et voluptatem porro ut nobis. Autem accusamus iure ea et qui. Veniam perferendis optio eligendi dolore repellendus. Architecto voluptatibus rerum rerum facere nemo explicabo odio voluptates.<br/><br/>Consectetur voluptatibus laudantium nam tenetur non et. Qui et molestiae quasi voluptatibus eum. Voluptas molestias minima dolores ipsum vel dolores.<br/><br/>Temporibus voluptatem iusto numquam aut libero quis. Quod sit dolorem iste ab consequuntur. Maiores enim enim eligendi repellat. Et ut consectetur quam ratione nisi voluptatibus ut.<br/><br/>Facilis et et quisquam illo asperiores quis rerum. Quo illo quasi dicta quidem maiores illo. Enim saepe aut vitae fuga tempora eveniet laudantium. Velit voluptatibus tempore aut.<br/><br/>A eos quam quo culpa recusandae nulla cum nam. Illum quibusdam iure beatae. Laboriosam mollitia necessitatibus officia vel repellendus natus sit. Eos omnis non qui.<br/><br/>Cum sit quod commodi beatae eveniet non culpa sunt. Sed ullam impedit excepturi voluptate sint minima non. Quae consectetur consectetur distinctio eum ut sit dolore ipsum. Et placeat culpa et rerum a id nemo quibusdam.', '2024-10-22 09:21:43', '2024-10-22 09:21:43'),
(11, 3, '1984-11-02', 'sed-voluptatem-ut-quo', 'Sed Voluptatem Ut Quo', 'Minus voluptatum qui consequatur pariatur consequuntur.', 'Nam sit doloribus voluptatem labore. Itaque ut eos ab saepe officiis aliquid at. Ut rerum ut veritatis placeat id.<br/><br/>Ut animi odio exercitationem ipsam in. Rerum accusantium rem similique exercitationem et. Nihil facilis suscipit commodi vel nihil. Iusto et quae ex ut sapiente asperiores eum.<br/><br/>Dolorem iste fuga inventore quam. Occaecati quo voluptate nam aliquam et. Sed nihil provident necessitatibus. Laborum voluptate et voluptatem ipsam repellat.<br/><br/>Alias nihil dolores tempora. Vero mollitia omnis adipisci perspiciatis. Quia illum esse quibusdam laudantium id praesentium. Repellat laborum dolor natus tempore non fugit saepe. Iure fuga architecto quasi earum est eum pariatur aut.<br/><br/>Incidunt aut molestiae sed blanditiis maxime voluptatibus molestias. Voluptas dolores dicta facere nobis in velit atque. Voluptate voluptatum neque voluptatibus consectetur.<br/><br/>Impedit perspiciatis doloribus distinctio expedita sint ut. Qui nisi ut molestiae iste voluptates asperiores. Rerum voluptatem velit ut est labore quae temporibus.<br/><br/>Occaecati magnam ab est neque sunt provident. Sit quod harum aut pariatur quo et iusto. Ut facilis quae veritatis aut aspernatur.<br/><br/>Ut quo officia ea dolores veniam qui a. In vero non id.', '2024-10-22 09:21:43', '2024-10-22 09:21:43'),
(12, 4, '1996-12-09', 'maxime-atque-nulla-rerum', 'Maxime Atque Nulla Rerum', 'Corrupti tempora error repellendus reiciendis accusamus.', 'Quibusdam quia est sunt dolor aut. Eligendi porro in aperiam tempore nesciunt dolorem provident eligendi. Neque eveniet saepe molestias delectus ab aut. Est cupiditate commodi quos et itaque est iste omnis.<br/><br/>Tenetur dolores vel facere nisi. Occaecati et necessitatibus iste voluptatibus. Dolor illo distinctio officia. Et nam fugit quibusdam suscipit.<br/><br/>Animi qui consequuntur sapiente. Quae sunt quia molestias voluptatem. Voluptatem veniam accusantium voluptatem iste autem quia et natus. Commodi eveniet illum sit mollitia laudantium delectus animi ullam.<br/><br/>Cumque itaque odit quasi autem sunt quaerat natus quaerat. Dolores provident reiciendis cumque facere quia aliquid molestiae. Minus maxime vitae deleniti veniam voluptatem. Iure autem facilis inventore minima et.<br/><br/>Nisi excepturi consequuntur ut et commodi sunt. Quam ut animi assumenda odit aut et mollitia tempore. Repellendus aperiam nobis in fugit quidem.<br/><br/>Delectus dicta atque voluptatem enim sapiente. Enim quaerat rerum hic debitis voluptatum. Ad veritatis nam sequi. Repellendus molestias qui provident maiores quaerat.<br/><br/>Ut eos sed natus. Dolorem iusto est laudantium. Quod rerum odio sed aperiam minima. Eos et sapiente id non quo.<br/><br/>Eligendi quae delectus sed totam. Dolores quia excepturi vitae aliquid. Repellat quasi facilis et vero. Nostrum pariatur ex qui sunt laudantium quisquam. Alias aut sint praesentium at qui quae.', '2024-10-22 09:21:43', '2024-10-22 09:21:43'),
(13, 4, '1973-03-31', 'omnis-sed-corrupti-quia', 'Omnis Sed Corrupti Quia', 'Qui quasi et ex autem ea.', 'Facere quia sed quia sunt sed debitis repellendus dolore. Quo provident placeat esse amet ad eum est. Est aut et qui omnis impedit quis.<br/><br/>Error porro inventore officiis. Blanditiis totam expedita deserunt id eum aut. Excepturi ab et exercitationem consequuntur aut. Cupiditate nesciunt et asperiores id inventore.<br/><br/>Velit porro at ea est pariatur aspernatur quam. Ad voluptatem qui et officia omnis voluptas.<br/><br/>Amet accusantium voluptatum voluptates nemo quia enim vel. Qui quo possimus adipisci repudiandae. Dolorem culpa dolores fugit voluptas et quis accusamus. Deserunt odit magni nobis tenetur.<br/><br/>Ut qui modi vel quos eaque. Accusamus deleniti consequuntur maxime repellat quas impedit. Quisquam occaecati in dolor et perferendis omnis qui sed.<br/><br/>Modi consequatur excepturi voluptas maiores possimus. Ut aut explicabo qui qui. Dolores rerum rerum tempore repellendus ea similique.<br/><br/>Repellat commodi sit dolor sequi est eos enim. Ad sed rerum culpa nesciunt. Repellendus sed sunt nostrum est temporibus.<br/><br/>Ipsam nihil alias omnis qui explicabo. Natus repellat non eum. Deleniti sint quis exercitationem ex natus dolorem.', '2024-10-22 09:21:43', '2024-10-22 09:21:43'),
(14, 3, '1996-02-12', 'nostrum-praesentium-perferendis-repudiandae', 'Nostrum Praesentium Perferendis Repudiandae', 'Quaerat amet impedit et quaerat.', 'Laborum voluptates perspiciatis mollitia voluptatem repudiandae. Sunt molestias perspiciatis velit impedit et quidem ut voluptatem. Quis sint sed quam est fugit provident. Minus commodi fuga est consequatur dolorum nemo sit officiis. Omnis sit est facilis ipsam odit voluptas doloremque.<br/><br/>Ut quia et molestias qui ipsam. Ad veritatis eius fugit quidem. Sequi laborum aut velit quis.<br/><br/>Doloribus nostrum quidem consequatur fugiat rerum. Omnis officiis ab qui qui quis placeat. Qui non voluptatem libero itaque. Fugit dignissimos rerum qui et.<br/><br/>Officia accusamus occaecati porro ea ex. Placeat sed sed commodi dolore iusto officia corporis dolores. Et sit et nesciunt cum ipsam blanditiis quidem. Ipsam laudantium quo officia et omnis beatae consequuntur.<br/><br/>Autem quas officiis est reprehenderit impedit omnis quis. Tempora dignissimos ad aspernatur sed autem eos libero esse. Explicabo fugit qui at quia.<br/><br/>Ut itaque minus sapiente illum atque. Sed vel asperiores autem consectetur mollitia. Est omnis qui commodi voluptatem.<br/><br/>Id omnis exercitationem soluta maxime minima dolorem. Officia consequatur voluptatum voluptatem beatae.<br/><br/>Natus consequuntur itaque rerum nostrum esse rerum quasi ab. Error aut laborum officia iste est deserunt delectus. Qui voluptatem excepturi quo veritatis qui illo maxime. Consequatur sint molestiae dolor eum. Illo quam mollitia quasi ipsam et soluta temporibus.', '2024-10-22 09:21:43', '2024-10-22 09:21:43'),
(15, 1, '2004-11-21', 'quas-aut-doloremque-explicabo', 'Quas Aut Doloremque Explicabo', 'Neque qui quae hic voluptates a et.', 'Aliquid quia expedita sed eligendi. Soluta sunt facilis eos eligendi ab qui inventore. Nihil autem optio illum reprehenderit.<br/><br/>Rem asperiores minima omnis. Deleniti animi nulla voluptate blanditiis odit. Quam mollitia cumque enim impedit ex quo.<br/><br/>Illo sunt aut nobis incidunt reprehenderit molestiae aut qui. Optio aut veniam animi non deserunt nobis non. Laudantium vero facere dolorem perferendis quia aut consequatur.<br/><br/>Maxime quisquam omnis corrupti eaque ut explicabo. At dolores ducimus perferendis sapiente alias eveniet fuga blanditiis. Quis dicta fuga optio a iste. Non dolores dolores voluptatem aut et temporibus.<br/><br/>Vel rerum omnis accusamus saepe nostrum esse aut a. Molestiae nobis consequatur ipsam sunt repellendus beatae quidem. Labore accusantium sint ex reiciendis enim. Reiciendis non at molestiae expedita qui cumque sit.<br/><br/>Reiciendis et sed labore. Non fuga doloribus eum. Error omnis accusantium ut quasi laborum ea dolores. Sed aliquid et error quia similique beatae.<br/><br/>Voluptatem necessitatibus quidem neque reiciendis dolore ut cum. Eligendi cumque totam similique et minus quo. Hic hic est tenetur ducimus. Officiis corporis vitae debitis necessitatibus natus sunt eligendi veniam. Natus dolorum ut unde et ullam.<br/><br/>Ut ab aperiam qui. Iste non libero corporis sapiente repellat incidunt quo voluptates.', '2024-10-22 09:21:43', '2024-10-22 09:21:43'),
(16, 2, '1976-01-26', 'veritatis-quia-est-modi', 'Veritatis Quia Est Modi', 'Ut itaque nostrum nam commodi sed ut.', 'Labore aut velit quod at voluptas voluptatibus et. Eum ad corporis nobis quibusdam distinctio harum.<br/><br/>Aliquid qui et ut labore iste fugit vel. Aliquid minus et quo temporibus odio. Ad totam eos veniam temporibus dolorem maiores dicta. Ipsa et non quibusdam at error rem cum enim. Commodi aliquid molestiae maxime facilis dolore.<br/><br/>Culpa veritatis nihil at aliquid. Sint quaerat iure ullam natus officia officia quae. Quaerat veritatis quia saepe facere voluptatem porro sit cupiditate. Molestiae eligendi modi esse animi in necessitatibus.<br/><br/>Dolorem quaerat repellat officiis reiciendis. Id esse dignissimos porro beatae. Id occaecati veritatis magnam debitis repellat est et. Ducimus alias deserunt porro eos quam ipsum. Possimus quaerat ex incidunt et debitis odio.<br/><br/>Aliquam et quo ab sit commodi omnis. Iusto placeat hic vel excepturi corporis assumenda. Ut ipsa nesciunt molestiae inventore et. Id similique distinctio ut in ut.<br/><br/>Sed laudantium molestiae cum qui sed et quidem. Quia optio rerum et delectus odit ut dolorem. Est sapiente molestias sequi qui non praesentium. Molestias assumenda eos quasi aliquid.<br/><br/>Nihil aliquam repudiandae accusantium nesciunt consequatur. Architecto libero qui laborum libero sed quisquam. Nisi unde provident enim veniam similique voluptates.<br/><br/>Aut et dicta iusto beatae facilis. Labore velit maxime expedita omnis quia. Rerum fugiat sint ut illum voluptas incidunt. Sequi sed et quidem aut.', '2024-10-22 09:21:43', '2024-10-22 09:21:43'),
(17, 5, '2005-07-16', 'eligendi-quis-quo-ut', 'Eligendi Quis Quo Ut', 'Voluptatem quis ut velit aut.', 'Fuga vel animi id. Voluptatum ipsam sequi occaecati et. Quis saepe aliquid cupiditate doloribus sed pariatur.<br/><br/>Quas accusantium dignissimos quaerat dignissimos. Est quam iusto enim dolor consequatur. Qui ex maxime et quas beatae ab.<br/><br/>Voluptas qui natus et nulla nesciunt est. Esse natus nihil voluptas eos modi autem. Consequuntur aperiam error architecto dolorem.<br/><br/>Repellat sit non quis qui pariatur. Earum neque sint mollitia repudiandae blanditiis. Illum in aut omnis nulla minima. Est quod autem commodi.<br/><br/>Dolor quia molestias harum aperiam nisi. Nisi officia maiores ea fugiat eos numquam commodi minus. Omnis sit eligendi autem dolor et et et iste. Veniam adipisci a quaerat ratione cumque.<br/><br/>Voluptates omnis quis in non iusto quis sit et. Perferendis nemo natus voluptatem quia eos. Repellat aut pariatur officia sunt impedit distinctio.<br/><br/>Sunt officiis animi eaque aliquid doloremque voluptates et. Reprehenderit aliquam aut adipisci blanditiis repudiandae excepturi dolorem. Tempora voluptatem sed est velit. Quia dolorum sed omnis rem et et numquam corrupti.<br/><br/>Eos soluta quia et voluptatibus perspiciatis. Molestias quia alias ut voluptas aspernatur id voluptates. Qui eius beatae tempora rerum distinctio tempore laborum. Dolores saepe harum nam reprehenderit saepe.', '2024-10-22 09:21:43', '2024-10-22 09:21:43'),
(18, 3, '1981-03-31', 'consequatur-quia-sit-error', 'Consequatur Quia Sit Error', 'Corrupti veniam odit earum assumenda adipisci.', 'Dolore ipsum possimus sit quae autem quam pariatur. Labore provident velit quidem et. Ipsum ut voluptate eveniet quia.<br/><br/>Totam facere vel qui earum voluptatibus nihil. Voluptatem eum explicabo hic est ratione. Necessitatibus accusamus corrupti facere doloribus explicabo error quo nihil.<br/><br/>Qui est neque et. Vero aut dolorem occaecati laboriosam. Dolor et distinctio minima voluptates doloribus voluptatibus. Debitis eos nihil quibusdam ab et sunt architecto.<br/><br/>Dolor consequuntur cumque architecto facere. Enim delectus molestias deleniti recusandae repellendus autem. Officiis ipsa temporibus non commodi.<br/><br/>Est illo quis distinctio excepturi id facere eveniet quos. Voluptatibus voluptatem dolor nulla et cum. Dolor quis ea veritatis suscipit quos. Dolores consequatur eos qui quis.<br/><br/>Autem est sit sint est. Occaecati aliquid eum dolor optio. Similique voluptas deleniti qui impedit neque non.<br/><br/>Magnam a et ex maiores excepturi reiciendis a. Neque quam exercitationem sunt quia rerum quod et eaque. Hic dolore qui reiciendis numquam aut ullam tempora. At temporibus et sed minima vero.<br/><br/>Est voluptatem sapiente nostrum occaecati dignissimos velit. Temporibus aut qui est beatae atque et. Natus animi est est in unde.', '2024-10-22 09:21:43', '2024-10-22 09:21:43'),
(19, 2, '1976-09-24', 'repellendus-voluptatem-fuga-nihil', 'Repellendus Voluptatem Fuga Nihil', 'Qui omnis deserunt architecto hic molestiae repudiandae.', 'Est ullam suscipit omnis placeat voluptatem recusandae in. Consequatur est odit qui dolores consequuntur ratione. Praesentium ea nemo commodi esse nisi rem. Error dolor vitae voluptates voluptatem.<br/><br/>Quibusdam sequi officia ipsa nihil. Ut quod ut sed corrupti. Explicabo sed est nostrum est et ut. Eum eos molestiae quae.<br/><br/>Ab ducimus occaecati possimus unde veritatis dolore. Laborum repellat perspiciatis excepturi minus non et nihil dolor. Dignissimos perspiciatis molestias non. Nisi architecto nulla qui quod.<br/><br/>Ad commodi blanditiis adipisci qui rerum aut aut. Corrupti quidem illo adipisci qui qui tenetur. Vel dolorum repudiandae omnis neque quisquam. Quas et et ut aut.<br/><br/>Quia voluptatem qui et voluptatum voluptatibus. Sunt ab necessitatibus velit magni aut quo qui. Et commodi aperiam sint vitae at voluptas. Et voluptatem ut et enim. Nobis enim voluptatem deleniti tempora nihil.<br/><br/>Laboriosam dolorem quas natus dolor ipsam. Aut sint aut suscipit expedita nihil esse non. Nemo recusandae ut id enim distinctio.<br/><br/>Non aut laboriosam accusantium aut harum. Quia at neque rerum. Quod et quo facere vero magnam. Laborum suscipit et doloribus non reprehenderit.<br/><br/>Atque id iste et fugit. Aliquam eius quos aspernatur consequatur est accusantium incidunt aspernatur. Consequatur earum enim a itaque. Ut et cum sequi voluptate et pariatur quia. Nemo quia inventore rerum alias.', '2024-10-22 09:21:43', '2024-10-22 09:21:43'),
(20, 2, '1983-07-23', 'assumenda-facilis-accusantium-non', 'Assumenda Facilis Accusantium Non', 'Aut dolorum et autem.', 'Ut id sint voluptatibus vel voluptas praesentium accusantium. Autem ut ut aperiam sit autem nostrum et.<br/><br/>Quis praesentium molestiae occaecati sint. Atque quis quia voluptates doloremque et. Alias ut occaecati consequatur. Odit illo quasi nulla est numquam.<br/><br/>Sed sed aut sed perferendis. Reprehenderit est beatae eius quae ratione dolores. Consequatur dolores unde laudantium voluptatibus eum ea in quia.<br/><br/>Et nemo et et velit et quam. Velit id optio impedit praesentium. Perferendis ipsa sint eligendi magni.<br/><br/>Sequi eaque laboriosam in ea magnam. Sint vel molestias in doloremque deleniti autem alias. Ex ab quis earum aut. Dignissimos quia voluptas corporis voluptatem.<br/><br/>Quia nam tenetur inventore aut accusamus. Minima mollitia eligendi ea. Vel impedit temporibus ab et aut excepturi velit. Sed quisquam quis fugiat quisquam. Voluptatum maxime illo rerum quaerat voluptatem voluptatum excepturi.<br/><br/>Incidunt perferendis animi inventore laudantium. Corrupti blanditiis velit alias a officiis dignissimos est quo. Sunt excepturi ea doloribus esse odit atque velit.<br/><br/>Est quis assumenda assumenda reprehenderit autem expedita labore. Aliquam dolorum deleniti ipsa sit voluptates. Non excepturi consectetur quidem perferendis praesentium qui quas. Amet adipisci et earum fuga accusantium modi ipsa.', '2024-10-22 09:21:43', '2024-10-22 09:21:43'),
(21, 3, '1998-03-01', 'est-quo-modi-fugit', 'Est Quo Modi Fugit', 'Voluptatem sed omnis atque tempore aut beatae.', 'Iure perferendis distinctio similique cum necessitatibus. Ea tempore ut amet consequatur similique. Odio voluptatibus nesciunt voluptatem repellendus facere ut similique.<br/><br/>Libero sit quasi et enim sed ab a. Neque harum mollitia consequuntur itaque ea ut. Est et error blanditiis qui quia omnis aut.<br/><br/>Sunt porro et dolor eum quod quis. Magni odit fugiat vel ipsum enim minus. Saepe sint quis et ea possimus enim. Doloribus occaecati aut omnis dolores aut minus.<br/><br/>Dolore iste ut voluptatem aliquid odit autem modi possimus. Temporibus consectetur aliquam explicabo dolor ab distinctio totam. Perspiciatis odit consequatur ipsam nam et facere. Illo velit ea repellat culpa unde. Quia voluptas iste error et sint modi.<br/><br/>Adipisci aliquam in deleniti voluptates at. Aut voluptas ad at consequuntur fugit quo. Non ad aut qui dicta. Provident quis est tenetur unde recusandae placeat.<br/><br/>Consectetur corrupti voluptates incidunt nemo porro reiciendis. Qui vitae saepe voluptates. Cumque sapiente voluptatum et voluptas culpa aut.<br/><br/>Fuga ut optio ratione non. Atque illum odit nemo inventore. Delectus voluptas alias blanditiis quidem corrupti. Quod soluta maiores possimus ea aspernatur inventore.<br/><br/>Hic ut sit excepturi perferendis recusandae aliquid voluptatum. Eos praesentium nemo voluptas ratione. Cupiditate ut repudiandae sunt. Tenetur debitis est excepturi odio est doloremque.', '2024-10-22 09:21:43', '2024-10-22 09:21:43'),
(22, 1, '2008-12-16', 'accusamus-voluptate-eum-dolorem', 'Accusamus Voluptate Eum Dolorem', 'Corrupti eum autem velit.', 'Numquam neque et consectetur. Ut distinctio perspiciatis cupiditate dolorem voluptatum numquam dolor. Magni officia aspernatur molestiae voluptatem laudantium alias ab. Qui voluptas perspiciatis omnis occaecati ipsam.<br/><br/>Aut necessitatibus porro deleniti quibusdam quia sit doloremque. Iste non dicta praesentium explicabo ipsam ipsam.<br/><br/>Sequi et fugiat sint modi modi et itaque. Qui adipisci perferendis quia laudantium iste tempora. In assumenda earum optio facilis officiis velit aut ducimus.<br/><br/>Numquam et consequatur delectus est magnam et. Quia laudantium aut numquam maxime. Voluptatem fuga eligendi assumenda eum expedita consequatur. Tempora est minima praesentium. Eligendi quaerat voluptatum praesentium.<br/><br/>Magni omnis qui ea dolorem. Rerum vitae consectetur saepe excepturi nulla. A quia ipsa quibusdam voluptate sunt nobis aspernatur.<br/><br/>Ut dolor error sunt. Ut beatae sit dolorum sit animi explicabo. Sunt voluptatem nam suscipit dolores quis dolor magni vel.<br/><br/>Ut aut voluptatibus rerum vel explicabo beatae. Rerum quos veniam eius quia. Tempora expedita et qui non quas. Fuga in aut a inventore veniam.<br/><br/>Magni officiis qui doloremque qui. Vero unde non dignissimos non. Nam eius reprehenderit qui velit et.', '2024-10-22 09:21:43', '2024-10-22 09:21:43'),
(23, 4, '1984-09-29', 'tempora-molestias-voluptatem-nihil', 'Tempora Molestias Voluptatem Nihil', 'Aut commodi qui temporibus eos.', 'Aut qui laborum voluptatum aut et eum qui quas. Expedita tempora delectus ut vel. Amet vel sint nihil autem minima sit. Pariatur et rerum occaecati est amet a.<br/><br/>Rerum enim et sit dolorem consequatur quia quidem. Assumenda repellendus quia consequuntur id id rem ut. Id at consequuntur eum placeat quaerat praesentium placeat.<br/><br/>Officiis deleniti ab praesentium perspiciatis perspiciatis qui deleniti. Architecto enim accusamus tenetur blanditiis aspernatur. In molestiae sunt quo rerum fugit voluptatem voluptas.<br/><br/>Enim dicta nisi similique dolor. Voluptatem et adipisci voluptate debitis dolorum.<br/><br/>Doloremque consequuntur at voluptatem voluptatem. Veniam est est atque deleniti quia et dolor. Dolorem cum provident nostrum quam molestiae sit.<br/><br/>Aut omnis dolor inventore id. Quis officiis commodi enim reprehenderit ut a laudantium. Molestiae non quis sit facilis rerum veniam omnis. Laborum omnis illum veritatis exercitationem.<br/><br/>Ullam officiis harum aut et quam doloribus. Reprehenderit eaque aut quasi explicabo aut. Dignissimos voluptatem ex in qui harum sint optio.<br/><br/>Accusamus saepe autem aut. Perspiciatis quo sint illum dicta reiciendis dolorem quia eos. In sed alias aut sit vero aut qui earum.', '2024-10-22 09:21:44', '2024-10-22 09:21:44'),
(24, 1, '2018-08-13', 'esse-est-corporis-molestiae', 'Esse Est Corporis Molestiae', 'Pariatur repellendus sed consequuntur.', 'Voluptatum est quibusdam vitae voluptatem quia consequatur iste. Distinctio sed sed omnis. Ut similique harum tenetur. Consequatur ducimus deleniti molestiae eos accusamus.<br/><br/>Possimus perspiciatis omnis iusto amet. Quo dolor et voluptate.<br/><br/>Laudantium iusto dolores laborum facere. Rerum consequatur fugit voluptas.<br/><br/>Est fuga assumenda debitis. Ut quas laboriosam voluptate libero praesentium doloremque soluta. Repellat est ipsam quisquam expedita. Cum aut deleniti beatae asperiores deserunt rem.<br/><br/>Impedit earum illum culpa. Sunt omnis autem non id excepturi ipsam. Consequuntur in aut suscipit hic. Animi rerum facere reiciendis quo et.<br/><br/>Nobis sunt et fugit cupiditate debitis. Aliquam harum rerum aut voluptate repellat aliquid. Ut et enim suscipit. Rerum voluptatem officia quis tempora.<br/><br/>Eos accusantium repellendus impedit id nisi velit aliquid. Quae aliquid neque soluta id repellendus eos excepturi. Eum maiores in hic distinctio repellendus aut est eveniet. Et omnis voluptatum temporibus. Consequatur doloremque veniam repellat aut pariatur eaque.<br/><br/>Et natus cum molestiae laudantium voluptatibus facere magni. Laboriosam voluptas numquam accusantium provident. Vitae libero et aliquam aut possimus modi.', '2024-10-22 09:21:44', '2024-10-22 09:21:44'),
(25, 2, '2004-09-06', 'esse-voluptas-pariatur-exercitationem', 'Esse Voluptas Pariatur Exercitationem', 'Aliquid maxime in omnis repellat.', 'Dolorem sint corrupti facere consequatur quo quis. Aut id voluptatibus nostrum incidunt illo consequatur eum qui. Cumque et consequuntur architecto. Quia accusantium animi rem iusto voluptatem vel.<br/><br/>Dolor quisquam necessitatibus blanditiis necessitatibus quas voluptatum. Vero debitis autem eligendi qui vitae quae. At modi nam dolore amet.<br/><br/>Veniam maxime natus deleniti voluptatem rem pariatur officia. Doloribus possimus et at aperiam ratione. Magnam deserunt quia consequatur dicta.<br/><br/>Non qui quas voluptatem ex in amet illo exercitationem. Ipsa et nemo consectetur voluptatem a perspiciatis eveniet. Numquam omnis sed sit laborum et. Natus quis ea aliquam eaque tempora autem pariatur minima.<br/><br/>Ut qui est enim a. Voluptatibus voluptatem beatae recusandae illum odit labore. Sequi quam voluptate est tempore quia deserunt. Libero necessitatibus aut sit quaerat dolore ex doloremque.<br/><br/>Et voluptatum vel aut dolor nulla et dolores. Nemo id beatae quibusdam architecto ullam voluptas eos. Dolore suscipit tempora rem. Aut dolorem eos dolor expedita expedita eveniet in.<br/><br/>Est voluptatibus est quibusdam aut exercitationem maiores dolorem. Quod reprehenderit quas ab dolore. Dolor est molestiae quia numquam accusantium.<br/><br/>Recusandae tempore blanditiis saepe adipisci sit corporis ut. Praesentium maiores sequi et nisi et nostrum. Facilis vitae voluptatem ut iste. Voluptatem et quibusdam ea nulla fugiat. Et modi in numquam nulla excepturi et nobis.', '2024-10-22 09:21:44', '2024-10-22 09:21:44'),
(26, 5, '2017-09-01', 'id-non-rerum-veritatis', 'Id Non Rerum Veritatis', 'Dicta consequuntur consequuntur ut maxime delectus cumque.', 'Autem est dolorum quasi accusamus totam. Ullam ullam eveniet voluptas dolores optio.<br/><br/>Minima eos atque consectetur est. Eligendi delectus at minima omnis sit. Inventore laudantium est voluptatibus dolores dolor.<br/><br/>Recusandae dolorem unde at vero. Eligendi minima aperiam dolor est dignissimos voluptatem totam. Quis tenetur et reiciendis aut voluptate illo.<br/><br/>Iste sit expedita officiis autem ullam quia dolor. Est illo recusandae cum alias at facilis. Dolorem corporis molestiae alias nostrum ut autem labore.<br/><br/>Beatae possimus suscipit a maxime voluptates alias blanditiis. Quis dolorem quibusdam et voluptas reiciendis nostrum voluptates in. Enim debitis et delectus qui. Nulla est unde exercitationem enim aut dolores eum.<br/><br/>Itaque non autem saepe. In est sunt aut earum corporis. Sed autem atque perspiciatis quos doloremque. Placeat consectetur dolorum est corporis delectus.<br/><br/>Aut neque atque eaque laboriosam aliquam facere. Quasi vel praesentium consequatur fugit. Quos nemo culpa quisquam quia aperiam.<br/><br/>Quibusdam ea voluptas consequuntur nemo earum eveniet. Repellat qui amet eligendi voluptatem quidem tenetur libero ut. Debitis adipisci praesentium omnis. Earum cumque culpa qui illo reiciendis sunt. Voluptate amet debitis odio.', '2024-10-22 09:21:44', '2024-10-22 09:21:44'),
(27, 3, '1979-05-08', 'laboriosam-maiores-vitae-cum', 'Laboriosam Maiores Vitae Cum', 'Modi est quia dolore.', 'Doloribus quaerat sint illum quod natus quae distinctio corporis. Vel id consectetur sit voluptatem quia et. Minima rerum unde non rerum totam.<br/><br/>Et eum quaerat quis iusto incidunt enim et. Ipsa et temporibus nam. Est omnis reprehenderit omnis enim.<br/><br/>Maiores et et vel sequi. Et accusantium dolorem doloremque laborum delectus est voluptatibus. Iste aspernatur quam consectetur.<br/><br/>Et necessitatibus temporibus facere incidunt exercitationem. Sunt possimus magni saepe. Doloremque excepturi minus unde illo nisi nostrum.<br/><br/>Modi distinctio sed expedita. Quia quisquam impedit et error. Consequuntur autem ullam vero molestias fugiat commodi. Quisquam non dolore eaque quia dolorum sed at.<br/><br/>Officia cum accusantium aspernatur porro voluptatibus vitae ea. Maiores enim quia omnis quia qui quaerat. Autem dolorum quos in ut eum. At accusamus quod omnis esse. Praesentium distinctio consectetur aliquid dolorum praesentium sit saepe repudiandae.<br/><br/>Dolores omnis laborum et autem. Autem architecto laudantium unde praesentium consequatur. Voluptatem eveniet libero tempora dolorem id nobis. Porro dolorem cupiditate rerum voluptatem.<br/><br/>Aspernatur nam atque deserunt. Autem fuga corrupti est autem inventore. Voluptas ipsum et eos blanditiis esse qui.', '2024-10-22 09:21:44', '2024-10-22 09:21:44'),
(28, 5, '2012-05-31', 'aut-odit-temporibus-doloremque', 'Aut Odit Temporibus Doloremque', 'Fugit sit omnis tempore molestias.', 'Vel quo totam illo rerum. Placeat eum repellat quia. Et numquam aut et qui architecto fuga dolore. Quas magni quia voluptatem numquam magni. Esse sed omnis placeat aut.<br/><br/>Dolores illum tenetur sit reiciendis rem. Et nisi quia et quia ipsa quae incidunt. Qui laudantium ut aliquid itaque. Vero et deleniti animi laudantium. Labore iure ratione perspiciatis in.<br/><br/>Dolorem id vero temporibus explicabo. Nesciunt nihil impedit voluptas rerum laudantium qui ducimus. Et sint qui sunt aperiam nihil.<br/><br/>Earum tenetur facilis commodi dolores voluptatem. Et suscipit quia nam. Accusamus quo amet recusandae sapiente.<br/><br/>Eius ut perspiciatis deserunt praesentium. Modi illo ut quia autem sequi perspiciatis adipisci vitae. Aspernatur cum omnis voluptatem nam repellendus doloremque ullam. Voluptatem quod adipisci deleniti sed ea autem.<br/><br/>Quia est et praesentium aut. Sequi atque eius amet labore magnam libero corrupti et.<br/><br/>Temporibus expedita qui sunt illo quod. Deleniti perspiciatis rem reprehenderit.<br/><br/>Inventore esse cupiditate excepturi officia mollitia dicta. Accusantium sit exercitationem nobis culpa. Praesentium optio quae ullam harum.', '2024-10-22 09:21:44', '2024-10-22 09:21:44'),
(29, 5, '1976-10-20', 'cum-aut-et-inventore', 'Cum Aut Et Inventore', 'Nihil perferendis aliquid dolorem.', 'Atque iure voluptate quo. Illum tempora repudiandae sapiente repellat. Est ipsam quia neque.<br/><br/>Vel asperiores tenetur voluptatem dolores ea ea architecto. Sint harum nesciunt eligendi sequi. Consequatur optio facilis molestias optio ipsa sapiente tenetur.<br/><br/>Sint sed autem aut recusandae commodi ut rerum. Ipsam itaque labore libero non repellendus. Doloribus ut est ad quos assumenda harum quibusdam. Sint laboriosam et fugiat quis.<br/><br/>Sint soluta provident nobis nobis. Quod consequatur modi consequatur non delectus. In autem a placeat molestiae iste.<br/><br/>Id explicabo molestiae et esse quis nulla. Minus vero sunt quasi porro aperiam eos. Voluptate reiciendis ducimus eum atque rerum.<br/><br/>Qui accusantium doloremque deserunt. Nihil debitis quidem facilis omnis praesentium. Reiciendis illum ex est architecto voluptatem molestiae. Nam ullam itaque ipsa nulla numquam ea.<br/><br/>Eveniet nostrum in sint rerum porro consequuntur quasi. Et eos velit ut eveniet ex ut. Quia non iure ut consequuntur dolor perspiciatis consequatur. Nulla architecto consequatur consequatur at.<br/><br/>Omnis qui ipsum omnis recusandae. Itaque aut deserunt repellendus fugit sit. Neque sed et dolor ullam unde. Et officiis necessitatibus iste ut.', '2024-10-22 09:21:44', '2024-10-22 09:21:44'),
(30, 1, '1988-11-29', 'sint-accusamus-iure-praesentium', 'Sint Accusamus Iure Praesentium', 'Beatae laudantium numquam quos excepturi.', 'Voluptatem dolorem commodi nihil omnis sed consectetur esse. Rerum ullam nulla ab occaecati labore ex iste. Voluptatem laboriosam impedit voluptatem ab ullam.<br/><br/>Rerum doloribus ut voluptatibus quibusdam. Sequi laborum fugit sunt. Placeat molestias laborum illum nam. Velit aperiam excepturi officiis ut vel.<br/><br/>Nam repellendus qui reiciendis impedit eligendi rem excepturi nihil. Earum et cum dolores consequatur laborum ab ut consequatur. Dolor dolorem perferendis dolorem et. Tenetur quod perspiciatis veritatis inventore voluptatum.<br/><br/>Vel perferendis sed est pariatur. Velit placeat perferendis molestias et delectus blanditiis possimus similique. Libero ea doloremque facere et et impedit illo. Maxime sunt voluptas expedita provident amet recusandae.<br/><br/>Soluta sed accusamus et. Qui consequatur sint error est molestiae iure dolor. Quisquam eius ut quam labore nesciunt. Et qui et perspiciatis illum magni consequatur. Et nihil alias ratione voluptatem excepturi optio et.<br/><br/>Deleniti ut ullam et. Quia eum facilis maxime rerum. Quia veniam omnis quisquam sed dignissimos est.<br/><br/>Sunt rerum aut voluptatibus quis dignissimos unde quia. Qui alias tempora unde nemo commodi. Harum dolor harum quod aut.<br/><br/>Perspiciatis quis dolore facilis et sit eos. Delectus nam occaecati quos nihil impedit ab et repellendus.', '2024-10-22 09:21:44', '2024-10-22 09:21:44'),
(31, 1, '1994-09-21', 'nulla-non-voluptate-ducimus', 'Nulla Non Voluptate Ducimus', 'Placeat aut tempore aperiam ut sequi nesciunt.', 'Vel nam tempore nobis ipsam omnis eaque eaque. Dicta qui est aut laboriosam quia pariatur consequatur.<br/><br/>Laudantium aut veritatis ut soluta. Suscipit a molestias ut occaecati ratione.<br/><br/>Ut voluptas illo commodi beatae ut. Quasi aut sit dolores et.<br/><br/>Nostrum modi vel assumenda rerum qui. Veritatis blanditiis voluptatem occaecati et. Illum velit ratione suscipit nam illum nihil fuga assumenda.<br/><br/>Debitis est dolores exercitationem quod autem non eius molestias. Blanditiis molestiae atque quod et aut exercitationem est. Ab odit in animi praesentium. Et illo voluptatem doloremque vel ex tenetur.<br/><br/>Deserunt et quo quis aut. Recusandae veniam repudiandae saepe nemo. Neque et numquam fuga dolorem eaque quis exercitationem repellendus. Sunt quas dicta aut dignissimos eligendi delectus.<br/><br/>Est sapiente aperiam inventore. Consequatur debitis impedit nihil minima et sint. Molestiae dolor veritatis vero eaque. Nisi aut eveniet et nulla qui quisquam autem.<br/><br/>Recusandae nemo et et tempora accusantium est. Sed quia eveniet nihil culpa quos. Qui accusantium nemo dolore sit inventore nemo. Blanditiis et illum voluptate dolor consequuntur.', '2024-10-22 09:21:44', '2024-10-22 09:21:44'),
(32, 1, '2024-04-20', 'qui-in-error-accusamus', 'Qui In Error Accusamus', 'At placeat sunt ipsum pariatur quaerat odit dolores.', 'Est at repellendus sequi ducimus id eveniet. Rerum est sed neque perspiciatis nisi iste quaerat. Est et possimus quia.<br/><br/>Cum quisquam et nesciunt ea consequatur rerum. Non expedita alias quia et velit rerum est. Quibusdam repellat aut voluptates sint et distinctio numquam.<br/><br/>Recusandae repudiandae eum dolorum odit. Voluptatem rerum harum enim odit voluptates. Qui omnis occaecati ab mollitia.<br/><br/>Adipisci tempora dolor neque laudantium voluptatum voluptate. Sunt officia dolor deserunt qui est nam quibusdam. Aut ex expedita necessitatibus qui. Sed odio ipsa ut.<br/><br/>Accusantium sint architecto et consequatur nam tempora. Quia tenetur dolores consectetur voluptatem illum provident laborum eveniet. Aliquam est quas dolorum iste perferendis voluptatem.<br/><br/>Quis minus debitis soluta. Sed dolore consequatur praesentium necessitatibus quam dolorem. Tenetur similique soluta quisquam eum.<br/><br/>Culpa facilis id eius rem. Quam accusantium nisi quia. Dicta in dolor vel vitae ex maxime omnis.<br/><br/>Deserunt nulla minus totam id reiciendis possimus. Animi velit numquam nihil architecto nobis aliquam possimus sit. Ducimus placeat et voluptatum est velit eaque. Aliquid sit deleniti nobis maxime et sequi enim.', '2024-10-22 09:21:44', '2024-10-22 09:21:44');
INSERT INTO `articles` (`id`, `category_id`, `published_at`, `slug`, `title`, `description`, `content`, `created_at`, `updated_at`) VALUES
(33, 1, '1986-03-31', 'amet-tempora-inventore-qui', 'Amet Tempora Inventore Qui', 'Illo laudantium aut beatae eum et cum.', 'Amet quis cupiditate facere earum iste suscipit. Laboriosam eos eveniet commodi. Assumenda consequatur odio labore aperiam aut suscipit. Nobis voluptas aliquam inventore beatae nam.<br/><br/>Itaque ipsa molestiae voluptatum ad dolor qui voluptatem. Adipisci perferendis ut unde optio eum. Occaecati porro laboriosam doloribus harum corrupti laudantium quibusdam impedit. Dolor sed dolore doloremque in nihil.<br/><br/>Ad vitae suscipit debitis inventore eos mollitia. Asperiores consequatur aliquid iure omnis totam aperiam culpa. Et libero ut expedita dolor.<br/><br/>Ad modi maiores ut labore molestias. Aliquid fuga recusandae molestiae aut nobis sunt et. Totam unde ipsam molestiae.<br/><br/>Et velit vel vel beatae a vitae. Sapiente sed magni alias incidunt quod sint. Consectetur soluta recusandae explicabo.<br/><br/>Odio voluptatem illum et. Harum occaecati sapiente repudiandae veniam dignissimos qui qui. Fugit voluptatem quos ea. Ratione est esse vitae aut sint est.<br/><br/>Nostrum laudantium nesciunt itaque similique quod quia. Vero molestiae qui similique consequatur. Laborum ratione ut odio delectus dolor sit vero.<br/><br/>Quisquam possimus sit iste doloremque dolorem numquam. Perspiciatis iusto officia aut praesentium ut. Officia dolores dolorem voluptatem architecto consectetur neque sed. Voluptatibus magnam ut aut qui excepturi deserunt.', '2024-10-22 09:21:44', '2024-10-22 09:21:44'),
(34, 4, '2024-05-20', 'quidem-ratione-nam-non', 'Quidem Ratione Nam Non', 'Doloremque voluptates expedita vitae et et iusto.', 'Repellat earum blanditiis ut earum quia. Corporis officia excepturi provident non ad repellat. Aut officiis quis tempora velit quisquam est.<br/><br/>Magnam dolore aliquam repudiandae corrupti distinctio quisquam quibusdam. Molestiae incidunt veritatis eum ut. Voluptatem quia ab ex dolor molestiae. Ut consequatur optio quia voluptatibus et.<br/><br/>Est sit excepturi quia facere beatae totam. Aut accusantium beatae quidem reiciendis illo sit non. Rerum est odit aperiam.<br/><br/>Eos in dolore placeat eligendi earum qui. Aut accusamus molestiae aperiam assumenda reprehenderit reiciendis itaque. Autem et non mollitia incidunt. Ut reiciendis harum quas.<br/><br/>Est animi facilis ipsa qui enim sit ipsam. Dicta cumque quis odio dolorem autem accusantium facere nesciunt. Odio maxime fugiat inventore voluptatem et at nam eveniet.<br/><br/>Nihil reprehenderit inventore dolore corporis. Ea ullam dolorem ut veritatis. Et maiores et omnis praesentium.<br/><br/>Voluptas alias eum non ad hic dolorem. Neque rerum excepturi facere aspernatur saepe rerum. Aspernatur aperiam enim sit voluptatem qui tenetur.<br/><br/>Id nesciunt quis et accusantium. Placeat voluptatem at omnis est. Ex totam illum dolorum tempora numquam. Earum non modi saepe deserunt.', '2024-10-22 09:21:44', '2024-10-22 09:21:44'),
(35, 2, '1998-02-02', 'odio-aliquid-est-labore', 'Odio Aliquid Est Labore', 'Et est voluptatem consequuntur.', 'At et porro blanditiis voluptas quisquam sint dolor. Id culpa aliquam animi minus eius nobis esse. Beatae quia blanditiis et saepe magnam.<br/><br/>Est voluptatibus quis et sit magni non ab. Voluptatem ut modi qui excepturi est assumenda. Asperiores fuga nisi nemo in aperiam. Tenetur debitis tempore voluptates et.<br/><br/>Distinctio blanditiis aliquam omnis occaecati. Aperiam nulla consequatur et. Et voluptatibus quod porro porro totam distinctio. Reiciendis hic rerum accusantium ducimus est. Repudiandae et praesentium assumenda sed accusantium.<br/><br/>Libero nam quas quidem. Tempore tempore veniam quidem totam enim sed. Dolores autem architecto velit vero magni.<br/><br/>Fuga et eum ratione est laboriosam et esse. Similique ratione asperiores qui non totam. Omnis alias distinctio est exercitationem minus iste quam. Earum eum aut provident est architecto suscipit.<br/><br/>Ipsa labore nostrum quidem iusto modi eveniet omnis. Voluptates in quae rem et iure maxime explicabo. Sed sint tempore dolor aspernatur est.<br/><br/>Voluptatem sequi ex sapiente molestiae libero. Ullam voluptatem maiores rerum error. Et dolor est autem vel et et.<br/><br/>Nobis corrupti in magni minus quia sequi eligendi. Magnam modi hic labore. Optio sed quae ut sapiente aut nam. Voluptates id ad sint aut qui.', '2024-10-22 09:21:44', '2024-10-22 09:21:44'),
(36, 4, '2013-05-11', 'pariatur-aliquam-eos-neque', 'Pariatur Aliquam Eos Neque', 'Placeat sint perferendis voluptates necessitatibus dolor error.', 'Neque voluptatem quisquam rerum mollitia excepturi. Maiores minus repellat fugit placeat minima. Iste sint possimus itaque necessitatibus numquam aut.<br/><br/>Rerum et placeat similique suscipit magni. Et hic dolorem nulla consectetur doloribus adipisci natus at. Vel repellat ratione tempora voluptatum quia non quas. Sapiente necessitatibus error rerum eos. Culpa nemo ut et impedit consequatur perferendis.<br/><br/>Repellendus dolore non aliquam ullam. A fugiat placeat dicta. Totam fugiat in facilis. Dicta voluptas odio minus commodi fuga.<br/><br/>Culpa magnam harum atque. Animi qui voluptatem vel natus minus aut fugiat occaecati.<br/><br/>Velit voluptatibus recusandae similique omnis. Et nemo dolore aliquid mollitia perferendis culpa. Libero voluptas fugit alias earum sed cum libero.<br/><br/>Rerum eaque dolorem quod aspernatur omnis qui. Corrupti natus quidem molestiae animi modi quasi dignissimos veritatis. Odit unde accusamus harum perferendis harum consequatur incidunt. Dolores provident non soluta consectetur ut eum vel.<br/><br/>Omnis corrupti nemo et doloribus praesentium qui. Et iure et quibusdam quia. Sint vel iusto unde ut reiciendis. Quia eligendi aut ratione aspernatur magni.<br/><br/>Est dicta nobis rem. Explicabo illo totam praesentium quod ut sapiente odit. Distinctio recusandae sit in sapiente quas quos asperiores repellendus.', '2024-10-22 09:21:44', '2024-10-22 09:21:44'),
(37, 3, '1982-03-24', 'unde-ut-corporis-dicta', 'Unde Ut Corporis Dicta', 'Voluptas minus voluptatem placeat voluptate dicta ea.', 'Consectetur aspernatur iste asperiores voluptatem. Ut autem est rerum expedita. Temporibus assumenda dolorem beatae architecto. Omnis consectetur molestiae fugit.<br/><br/>Nostrum et at assumenda aliquam dicta rerum. Maiores cumque ea laborum commodi aut. Aliquid minus nemo distinctio.<br/><br/>Veniam qui ex velit voluptas optio distinctio. Est asperiores ex voluptatem. Sunt rem necessitatibus aspernatur laudantium rerum corrupti qui. Saepe quis sed esse labore voluptatem impedit impedit.<br/><br/>Quis et excepturi et mollitia. Ullam tenetur repellat nisi aperiam voluptatem cum. Iusto eligendi quas labore est harum architecto qui. Aliquam omnis quia consequuntur laudantium laborum.<br/><br/>A aspernatur non aut natus. Temporibus cumque nulla itaque illum. Molestiae dignissimos et omnis ut. Labore atque voluptatum sit doloremque rerum.<br/><br/>Quibusdam quia dolor eos quia deleniti. Sint quaerat ad itaque ut. Aspernatur et aut ducimus in eligendi. Qui magni sequi sapiente deserunt commodi odio aut.<br/><br/>Dolor aut est nostrum et soluta. Id rem ut accusantium. Rerum repudiandae in dolorum alias ut maiores suscipit. Qui impedit quo accusamus et optio voluptatem non.<br/><br/>Perspiciatis ducimus minus quae. Nam et non molestias aut. Facilis excepturi neque et.', '2024-10-22 09:21:44', '2024-10-22 09:21:44'),
(38, 2, '1986-07-13', 'aspernatur-qui-et-in', 'Aspernatur Qui Et In', 'Enim ea unde laudantium atque aliquam.', 'Fugiat quos possimus consequatur id culpa pariatur. Saepe suscipit est sit. Explicabo iste consectetur minus ipsum enim est cupiditate beatae. Dolore quisquam quod temporibus labore.<br/><br/>Et architecto quasi expedita error omnis nihil rerum. Illum laborum amet aut tempore. Non dolor id et dolorum quia. Est corrupti officia in adipisci.<br/><br/>Et eum tenetur inventore qui ad quidem non. Tempore quam et debitis quasi. Dolores minus qui qui minus aspernatur et. Est molestias aut sequi.<br/><br/>Sit dicta eius provident. In explicabo enim dolor possimus ea et tempora cum. Placeat et illum eum magni velit enim non quaerat.<br/><br/>Aliquid occaecati excepturi reprehenderit harum quia est. Est porro animi sequi. Repellendus iusto similique sed quasi.<br/><br/>Dolor porro in nesciunt. Impedit libero qui qui molestiae. Voluptatem inventore ex exercitationem ipsam soluta vero inventore maiores. Vel ea qui quis. Fuga iusto illum commodi maxime ut.<br/><br/>Architecto sapiente quia dignissimos quod occaecati. Error consectetur omnis et ut vero quas. Sint unde sed voluptatem nam alias assumenda voluptatum nesciunt. Ab dolore maiores totam vel illo. Est quaerat repudiandae possimus sunt officia.<br/><br/>Modi placeat mollitia modi assumenda. Eius similique sint asperiores est molestiae. Sapiente asperiores commodi dolorem ducimus. Ipsa optio porro nihil ea veritatis ea.', '2024-10-22 09:21:44', '2024-10-22 09:21:44'),
(39, 3, '2007-09-18', 'laboriosam-laboriosam-modi-itaque', 'Laboriosam Laboriosam Modi Itaque', 'Vero cum quo dolorum et incidunt fuga.', 'Laborum rerum delectus excepturi reprehenderit earum. Omnis ipsum tenetur enim. Fugiat sed est omnis placeat laborum. Corrupti necessitatibus eveniet dicta sint iure voluptas eligendi.<br/><br/>Repudiandae maiores excepturi sit veniam maxime. Ea voluptatem inventore sapiente occaecati cum alias voluptatum. Exercitationem ducimus maiores nisi ipsam sint expedita. Et voluptates ratione facere illum totam et.<br/><br/>Hic repellendus est et est laudantium hic voluptatibus. Vel non facilis dolorum quo dignissimos.<br/><br/>Provident ut enim doloremque aspernatur suscipit soluta at. Accusantium minima eaque aut. Dolor occaecati quia dignissimos ea velit delectus est. Sit eius dolores atque dicta.<br/><br/>Dolor non in et officiis. Ratione dicta beatae voluptatem ea. Voluptates ex laborum eveniet quia eaque dolor. Occaecati animi officiis fugiat officia.<br/><br/>Impedit quia est qui dolore molestiae impedit cumque. Aspernatur dolor autem aut aut corporis in sequi consequuntur. Error consequatur eaque repudiandae.<br/><br/>Neque delectus id reiciendis enim ut eum est. Id iste sequi ut et. Nemo quibusdam error nulla assumenda sint deserunt et. Non quam quod ipsa est dolor et.<br/><br/>Exercitationem consectetur velit dolorem voluptas. Adipisci quasi voluptas quod qui. Ut id maiores nesciunt. Velit aut mollitia commodi architecto ratione est. Aut voluptatum eveniet suscipit accusamus in.', '2024-10-22 09:21:44', '2024-10-22 09:21:44'),
(40, 1, '2000-04-14', 'aut-asperiores-est-distinctio', 'Aut Asperiores Est Distinctio', 'Esse iste numquam aperiam alias recusandae.', 'Et vel aliquam voluptate quo. Deserunt molestias voluptatibus est dignissimos. Numquam ratione sunt vero veritatis et quo odio. Excepturi aspernatur minima ut ut culpa voluptatem iusto. Nihil illo ea natus voluptatem.<br/><br/>Architecto asperiores et dolor beatae accusantium aut inventore. Officiis quisquam et voluptatem iste. Ad accusamus illo ad repellendus dolorem dolor eaque. Dolores illo et delectus et.<br/><br/>Non beatae aut corrupti aut. Soluta molestiae adipisci non et totam fugit natus facilis. Consequatur culpa quas in natus omnis repudiandae. Ut perspiciatis qui dolore saepe aut aspernatur.<br/><br/>Laudantium unde nemo eius necessitatibus voluptatem non laboriosam magnam. Assumenda itaque sint eum ut modi minus neque. Molestiae sed veritatis adipisci ea iste quia magnam. Rerum libero quo quia et. Quia est eum hic amet.<br/><br/>Cum nulla consectetur autem rerum omnis qui omnis consequatur. Id est eius enim voluptatem est commodi. Qui perferendis et temporibus.<br/><br/>Reiciendis veritatis rem tempora tenetur. Sed nemo eum voluptatem aliquam. Temporibus itaque repellat inventore placeat nemo natus enim. Officia praesentium sit dolorem veniam. Excepturi delectus iure et similique quia et dolorem.<br/><br/>Aut quo est magnam earum odio omnis. Nulla blanditiis qui omnis vero beatae facilis libero. Similique suscipit culpa vero qui nulla placeat.<br/><br/>Vero at qui omnis totam in rerum. Magni asperiores perferendis nesciunt libero. Est qui quibusdam aut. Ipsam in alias minus qui magni ut.', '2024-10-22 09:21:44', '2024-10-22 09:21:44');

-- --------------------------------------------------------

--
-- Table structure for table `categories`
--

CREATE TABLE `categories` (
  `id` bigint(20) UNSIGNED NOT NULL,
  `slug` varchar(255) NOT NULL,
  `title` varchar(255) NOT NULL,
  `description` varchar(255) NOT NULL,
  `created_at` timestamp NULL DEFAULT NULL,
  `updated_at` timestamp NULL DEFAULT NULL
) ENGINE=InnoDB DEFAULT CHARSET=utf8mb4 COLLATE=utf8mb4_unicode_ci;

--
-- Dumping data for table `categories`
--

INSERT INTO `categories` (`id`, `slug`, `title`, `description`, `created_at`, `updated_at`) VALUES
(1, 'placeat-voluptas', 'Placeat Voluptas', 'Sed ducimus eos debitis sed minima ab.', '2024-10-22 09:21:41', '2024-10-22 09:21:41'),
(2, 'autem-adipisci', 'Autem Adipisci', 'Culpa nulla voluptatem incidunt consequuntur vel.', '2024-10-22 09:21:41', '2024-10-22 09:21:41'),
(3, 'quis-laborum', 'Quis Laborum', 'Ullam et qui quis.', '2024-10-22 09:21:41', '2024-10-22 09:21:41'),
(4, 'quisquam-ratione', 'Quisquam Ratione', 'Est autem eos quidem quibusdam voluptate consequatur.', '2024-10-22 09:21:41', '2024-10-22 09:21:41'),
(5, 'aut-necessitatibus', 'Aut Necessitatibus', 'Ullam dolor possimus illum nisi itaque.', '2024-10-22 09:21:42', '2024-10-22 09:21:42');

-- --------------------------------------------------------

--
-- Table structure for table `failed_jobs`
--

CREATE TABLE `failed_jobs` (
  `id` bigint(20) UNSIGNED NOT NULL,
  `uuid` varchar(255) NOT NULL,
  `connection` text NOT NULL,
  `queue` text NOT NULL,
  `payload` longtext NOT NULL,
  `exception` longtext NOT NULL,
  `failed_at` timestamp NOT NULL DEFAULT current_timestamp()
) ENGINE=InnoDB DEFAULT CHARSET=utf8mb4 COLLATE=utf8mb4_unicode_ci;

-- --------------------------------------------------------

--
-- Table structure for table `migrations`
--

CREATE TABLE `migrations` (
  `id` int(10) UNSIGNED NOT NULL,
  `migration` varchar(255) NOT NULL,
  `batch` int(11) NOT NULL
) ENGINE=InnoDB DEFAULT CHARSET=utf8mb4 COLLATE=utf8mb4_unicode_ci;

--
-- Dumping data for table `migrations`
--

INSERT INTO `migrations` (`id`, `migration`, `batch`) VALUES
(1, '2014_10_12_000000_create_users_table', 1),
(2, '2015_04_06_131951_create_categories_table', 1),
(3, '2015_04_06_131957_create_articles_table', 1),
(4, '2015_04_06_132351_create_pages_table', 1),
(5, '2019_08_19_000000_create_failed_jobs_table', 1);

-- --------------------------------------------------------

--
-- Table structure for table `pages`
--

CREATE TABLE `pages` (
  `id` bigint(20) UNSIGNED NOT NULL,
  `slug` varchar(255) NOT NULL,
  `parent_id` bigint(20) UNSIGNED DEFAULT NULL,
  `title` varchar(255) NOT NULL,
  `description` varchar(255) NOT NULL,
  `content` text NOT NULL,
  `created_at` timestamp NULL DEFAULT NULL,
  `updated_at` timestamp NULL DEFAULT NULL
) ENGINE=InnoDB DEFAULT CHARSET=utf8mb4 COLLATE=utf8mb4_unicode_ci;

--
-- Dumping data for table `pages`
--

INSERT INTO `pages` (`id`, `slug`, `parent_id`, `title`, `description`, `content`, `created_at`, `updated_at`) VALUES
(1, 'et-fugit', NULL, 'Et Fugit', 'Atque illum saepe impedit sunt qui deserunt voluptatem.', 'Fugiat reiciendis fuga illo est magni fugiat totam. Occaecati laborum accusantium eum praesentium et possimus possimus.<br/><br/>Ut quidem perferendis culpa quo corporis expedita eius. Commodi cum veniam harum eligendi doloribus. Aspernatur est deserunt id tenetur a.<br/><br/>Quia aperiam exercitationem nostrum rem dolores velit. Aut eum odit beatae quis architecto corporis. Ut hic veritatis dolor quod animi omnis possimus. Distinctio libero itaque molestiae voluptas dignissimos impedit est dicta.<br/><br/>Nobis consequatur quo sunt dolor quo magnam optio. Quam quaerat fugiat velit rerum aspernatur tenetur. Beatae magni ut culpa est quis quis libero. Dignissimos vitae fugiat dolorum illo illo.<br/><br/>Quia repudiandae repellat dolorem totam laudantium. Sit rem illum odit dolore. Est laboriosam corporis sed quo voluptatem quia in. Qui qui autem sit adipisci. Modi vel consequuntur explicabo dolorem ut.<br/><br/>Id ducimus excepturi voluptas placeat expedita. Est ut officiis ab quam assumenda sint consequatur. A natus voluptatibus vero. Neque molestiae vero aut eos minus.<br/><br/>Vitae aliquid aspernatur asperiores tenetur qui earum. Aut voluptas fugiat nihil est enim nisi error laboriosam. Est quisquam sunt blanditiis sapiente.<br/><br/>Similique non autem fugiat nisi non hic consequuntur ducimus. Laudantium similique vel ea tempora saepe. In molestiae et rerum ut impedit. Consectetur et dolores tempora adipisci vitae quia.', '2024-10-22 09:21:44', '2024-10-22 09:21:44'),
(2, 'eveniet-dolorem', NULL, 'Eveniet Dolorem', 'Totam corrupti id iste odio voluptatem nihil.', 'Beatae ut qui quia tempora dolores. Provident ut sed est tempora. Quod sint occaecati nulla. Fuga ad repellat placeat necessitatibus dolores vero enim.<br/><br/>Autem accusantium quibusdam ex consequatur occaecati asperiores. Rerum in illo excepturi quis quia autem deleniti. Repudiandae sed nobis qui sunt et at rerum voluptatem. Sapiente est nihil velit ut aliquam labore fugiat.<br/><br/>Quo tempore error neque voluptatem minus. Alias eum nihil mollitia dolore voluptatem temporibus voluptatem. Molestiae excepturi similique earum ducimus ut voluptatem itaque. Repellendus voluptatum amet voluptatem porro voluptatibus ea.<br/><br/>Voluptas enim et ipsa. Cum nulla placeat ad. Minus fuga optio nam illum molestias eos.<br/><br/>Corporis in vel consequatur voluptate. Eum et tempora est iusto ut ipsum. Eveniet necessitatibus est aut et corporis numquam.<br/><br/>Neque dolorum sunt voluptatibus repudiandae aut. Adipisci voluptatibus nobis ab libero. Voluptates non adipisci numquam tempora harum quidem autem. Nemo non sunt ut tempora consectetur molestiae molestiae.<br/><br/>Nobis deleniti et consectetur. Fugiat repellat officiis aut temporibus voluptatem enim.<br/><br/>Quia ea soluta est et. Est voluptatum nulla et voluptate dolor. Quod sequi dolores sint cupiditate sint error omnis. Ullam praesentium rerum similique in voluptates.', '2024-10-22 09:21:44', '2024-10-22 09:21:44'),
(3, 'et-laudantium', NULL, 'Et Laudantium', 'Voluptatem eos minima totam distinctio.', 'Quos ea dignissimos earum eos quasi illo laboriosam. Ullam nam qui accusantium rerum esse recusandae sed. Rerum ipsum ab pariatur nihil est itaque amet.<br/><br/>Ut magni consectetur ut quod et expedita illo magni. Odio ad deleniti voluptas quisquam consectetur sunt et. Aliquid voluptatum voluptatum optio ut.<br/><br/>Ex doloribus nihil voluptas nihil dolor. Itaque accusamus voluptas error reprehenderit quia et ab. Ea aliquid aut eveniet nulla consequatur sint quia. Voluptatem non necessitatibus maxime.<br/><br/>Est aut rerum labore voluptatem et. Autem animi explicabo et consectetur id perferendis libero. Voluptas sit ex qui beatae vitae suscipit. Et itaque nulla et repellat debitis amet.<br/><br/>Eum ullam et aperiam quas qui qui repellat. Fugit quidem ad laboriosam esse. Vitae nemo voluptas incidunt deleniti blanditiis magnam. Nam totam ut consequatur voluptatum et et deleniti ullam.<br/><br/>Odio sapiente et laboriosam voluptatem cum. Impedit sint esse culpa voluptatem pariatur qui earum. Ad nihil ab voluptate est repellendus suscipit.<br/><br/>Explicabo aut cumque suscipit aspernatur voluptatum. Illum delectus est suscipit perferendis. Beatae velit aut deserunt quidem cupiditate sunt.<br/><br/>Veniam atque magni aut repudiandae quasi necessitatibus. Voluptas reprehenderit occaecati vero quia velit est cupiditate. Nesciunt deleniti et ex nesciunt. Possimus illo accusantium nihil quo maxime eos esse. Et deleniti eum perspiciatis eos.', '2024-10-22 09:21:44', '2024-10-22 09:21:44'),
(4, 'rerum-voluptatem', NULL, 'Rerum Voluptatem', 'Occaecati doloremque ipsum enim exercitationem aperiam animi magni.', 'Debitis minima ut id ut voluptas excepturi. Dicta itaque tempore et ad dolorem. Quaerat consequatur aut iusto labore.<br/><br/>Sint dolor qui et est dolore consequatur sunt cum. Delectus aut dolores et voluptas soluta totam. Sit at quo ea debitis.<br/><br/>Qui id sint mollitia voluptate quia. Quos labore qui expedita et dolores veritatis cum ut.<br/><br/>Qui aspernatur aut quasi nobis. Aperiam delectus est suscipit iste qui omnis illo in. Nostrum ratione architecto corporis sapiente. Est sit id quas non suscipit.<br/><br/>Quidem est suscipit consequatur enim rerum eum. Nihil consequatur esse et nemo non quia temporibus. Inventore delectus excepturi sapiente deserunt dicta eaque sint. Qui qui expedita dolor.<br/><br/>Beatae aut praesentium labore vel nemo sint ut rerum. Ducimus enim vitae deleniti illo perspiciatis. Doloribus officiis assumenda possimus iure facere tempore aut. Eveniet ut cumque officia qui quia incidunt sit.<br/><br/>Molestiae adipisci perferendis culpa ut. Molestiae consectetur sit cupiditate aliquid rem et possimus veniam. Odit iure magni et quam aut.<br/><br/>Aut et consequuntur inventore consequatur earum est. Hic vel rerum similique odio quia fuga vero. Rerum rerum quasi ipsa ab provident quidem.', '2024-10-22 09:21:44', '2024-10-22 09:21:44'),
(5, 'explicabo-possimus', NULL, 'Explicabo Possimus', 'Facere accusantium qui deserunt voluptate unde.', 'Sint unde velit earum quia facilis expedita cupiditate. Voluptas ut nulla numquam. Voluptate quidem nihil voluptatum explicabo ut.<br/><br/>Sit quaerat qui animi exercitationem eos provident impedit. Laborum aut et delectus. Unde doloremque aliquam ratione sunt. Est labore quis est doloremque dolor.<br/><br/>Aliquam id est qui fugiat blanditiis ipsum impedit. Aut velit nisi incidunt adipisci. Ut laborum ut earum debitis. Provident quis autem voluptas sed.<br/><br/>Nostrum repellendus doloribus voluptatem odit eveniet et quas est. Fugiat corrupti ut at itaque voluptatem sit. Quis consequatur unde dolorem qui. Vero ut asperiores officiis eveniet corporis et. Eos quo assumenda maiores odio porro perferendis possimus animi.<br/><br/>Omnis tenetur cumque voluptatem blanditiis incidunt. Autem quasi quisquam dolorem excepturi autem repudiandae laborum. Cumque perferendis cupiditate occaecati dolor.<br/><br/>Laudantium laudantium aut non quam qui. Quam atque corporis sed animi. Error hic deserunt eveniet voluptates quas. Quisquam ipsam distinctio numquam eius nesciunt temporibus.<br/><br/>Sed corrupti eum voluptatem omnis tempora blanditiis ut. Ut dolor dolor placeat est possimus. Ipsum occaecati nesciunt facilis tempora.<br/><br/>Maxime natus suscipit ea facilis quis fuga esse ut. Fuga voluptatem non ducimus veniam. Harum repellat voluptas quibusdam provident. Soluta sint sit accusantium.', '2024-10-22 09:21:45', '2024-10-22 09:21:45'),
(6, 'esse-sit', NULL, 'Esse Sit', 'Quis accusantium dolore porro voluptatem et ipsam quia.', 'Iusto ea occaecati beatae nemo omnis. Voluptatibus facere et dolore animi nam blanditiis. Dolorem modi illo mollitia rerum velit. Nihil vel inventore tempore sed.<br/><br/>Qui laboriosam voluptatem et placeat. Et fugit sit et voluptatibus ut reprehenderit sed. Possimus iste ad esse rerum culpa.<br/><br/>Ut quod autem sit mollitia. Molestias distinctio dolorem et placeat error esse et aut.<br/><br/>Quia fugiat eligendi ipsum veniam. Repellendus eum corporis fugiat ut quia ut suscipit. Pariatur quam quam dolor ipsam a esse.<br/><br/>Est autem ut et. Illum quia ut excepturi quia iusto ut.<br/><br/>Optio eum earum eius nobis. Facilis officiis enim numquam voluptatum blanditiis. Provident placeat eligendi possimus sint natus repudiandae.<br/><br/>Quia consequatur qui dolorem et laboriosam aut ad. Ratione laboriosam alias architecto omnis praesentium. Totam sit voluptas laborum ullam praesentium quidem ut aliquid. Quidem ullam consequuntur accusamus possimus.<br/><br/>Tempore qui qui esse. Qui consequatur nam consequatur in ullam cupiditate tempore. Corporis illo corporis repellendus autem voluptatem perspiciatis culpa sed. Sapiente itaque modi ipsum.', '2024-10-22 09:21:45', '2024-10-22 09:21:45'),
(7, 'quae-cum', 4, 'Quae Cum', 'Est consequatur placeat non labore nobis maiores.', 'Commodi doloremque id voluptatem aspernatur hic consequatur laudantium. Nisi quae quia voluptas itaque exercitationem porro. Error magni exercitationem molestias temporibus quidem laboriosam officia.<br/><br/>Non natus qui et culpa tempora. Dolores dicta illum vitae aut nihil. Occaecati id iusto optio vero.<br/><br/>Magni perferendis sunt dolorem sapiente. Consequatur ex quis ab et laboriosam dolorem autem. Commodi quae saepe aut.<br/><br/>Cupiditate esse voluptas non ut ut quisquam vero amet. Occaecati saepe quasi officia sed. Tempora qui aperiam aut consequatur quas accusamus.<br/><br/>Corporis ut possimus non impedit harum eius veniam. Blanditiis aspernatur est rerum nisi. Recusandae nihil maiores laboriosam repellendus et et.<br/><br/>Similique aut nemo cum delectus. Necessitatibus culpa autem sint. Sequi et reprehenderit ex similique vel dicta.<br/><br/>Tempora et ipsa exercitationem tempora quaerat repellendus. Est et et quidem praesentium.<br/><br/>Qui fugiat omnis expedita necessitatibus. Suscipit aut suscipit et. Possimus et soluta incidunt dolorem.', '2024-10-22 09:21:45', '2024-10-22 09:21:45'),
(8, 'repellat-voluptates', 4, 'Repellat Voluptates', 'Laudantium in voluptatibus omnis ullam non fugit laborum.', 'Eveniet nobis quam dolores nihil. Cumque dolorum a et ut velit repudiandae. Consequatur est eos quia pariatur quo. Enim cum voluptate perspiciatis quasi.<br/><br/>Laboriosam vero inventore quae distinctio qui non velit. Velit ad fugit quam. In aliquam nulla ab adipisci voluptatum quo rerum.<br/><br/>Iste aliquam temporibus eos sint laborum. Ab unde dolor sint sint nobis sit. Placeat laborum itaque tenetur illum maiores molestias. Voluptatem aut accusantium debitis aut dicta voluptatibus blanditiis.<br/><br/>Molestias ducimus culpa saepe laboriosam. Dolores doloremque consequuntur tenetur iusto omnis nulla corporis. Quo voluptas voluptatem dolores.<br/><br/>Nostrum neque laudantium et vero atque et. Sunt delectus nobis doloribus incidunt. Non voluptatem adipisci sint. Amet saepe rem quod temporibus.<br/><br/>Nostrum omnis repellendus nemo eius ipsam in. Assumenda aut eum tenetur voluptatem.<br/><br/>Eum sint dolores enim quibusdam. Perspiciatis enim itaque mollitia adipisci temporibus necessitatibus aperiam qui. Id dolore facere officiis qui itaque. Qui nisi voluptates tempora explicabo ducimus. Pariatur rerum ea tempora dolorem.<br/><br/>Fuga est veniam natus magni. Similique consequatur aut qui magni.', '2024-10-22 09:21:45', '2024-10-22 09:21:45'),
(9, 'eaque-fugit', 5, 'Eaque Fugit', 'Rem dolorum numquam exercitationem perferendis omnis.', 'Dolorem sunt molestias dignissimos eligendi et necessitatibus. Qui quibusdam laboriosam ducimus dolorem. Et ut numquam natus et ipsa ducimus amet. Non et repellat in molestias omnis eaque.<br/><br/>Cumque est similique modi porro. Doloremque praesentium iusto atque. Repellat ratione esse dicta quam facilis.<br/><br/>Sunt odit voluptatem ut expedita iure. Sit est sit repudiandae. Numquam sit dignissimos omnis alias quo ad.<br/><br/>Omnis qui illum enim reiciendis architecto perferendis. Est dicta autem corrupti tenetur delectus unde deleniti. Velit id delectus blanditiis molestias voluptates aliquam.<br/><br/>Ipsum et dolore qui sint soluta fugit. Inventore ut sed iure veniam. Laboriosam voluptates et nihil vel veritatis culpa perspiciatis. Consequuntur quia et et sed est aut.<br/><br/>Aliquam et perspiciatis repudiandae sit consequuntur. Iusto dolore quia aspernatur et culpa vitae. Est magni dolorem magni illum quas corporis alias. Aperiam neque possimus voluptatum.<br/><br/>Ut occaecati ut reprehenderit ea culpa. Voluptas autem voluptas rem aspernatur nemo sit ut asperiores. Exercitationem ut nihil beatae nostrum fuga sequi et. Assumenda sint quis id aut in voluptatem animi sapiente.<br/><br/>Molestiae non consectetur totam eos. Animi eligendi maxime quaerat. Optio ipsam ipsa enim voluptatem maiores aut. Quas quos ipsum consequatur sed qui veniam et.', '2024-10-22 09:21:45', '2024-10-22 09:21:45'),
(10, 'quia-quod', 5, 'Quia Quod', 'Omnis fugiat ipsa corporis quam dolores repellat id rerum.', 'Quia dignissimos vitae dolorem aliquam ipsum eveniet. Quos impedit voluptatem eos assumenda. Aut deserunt quidem et aut odio.<br/><br/>Itaque illum est non atque. Dolore sunt saepe facilis quia. Ut alias vel esse exercitationem eligendi. Rem fuga ex ut recusandae velit ut dolorem.<br/><br/>Accusamus qui explicabo omnis mollitia inventore ullam. Et sit dolorem et a.<br/><br/>Sit quod ratione quas sint. Unde sed perferendis accusantium ab. Aliquid qui quo facilis atque vel. Eius soluta quaerat quis voluptatibus laboriosam omnis.<br/><br/>Non blanditiis voluptas suscipit et. Doloremque quibusdam rerum voluptatum nobis. Ea labore veritatis deserunt est. Autem omnis distinctio quia omnis.<br/><br/>Dolores repellat autem ipsa est aut quasi et. Qui ut corrupti numquam.<br/><br/>Vel repellat eaque vel ea enim. Est cumque optio dolor minus consequuntur. Laborum voluptatem ut at eum ea.<br/><br/>Necessitatibus mollitia velit sint. Ab repellat aut rerum in quam.', '2024-10-22 09:21:45', '2024-10-22 09:21:45');

-- --------------------------------------------------------

--
-- Table structure for table `users`
--

CREATE TABLE `users` (
  `id` bigint(20) UNSIGNED NOT NULL,
  `email` varchar(255) NOT NULL,
  `password` varchar(255) NOT NULL,
  `ip_address` varchar(45) DEFAULT NULL,
  `remember_token` varchar(100) DEFAULT NULL,
  `logged_in_at` timestamp NULL DEFAULT NULL,
  `logged_out_at` timestamp NULL DEFAULT NULL,
  `created_at` timestamp NULL DEFAULT NULL,
  `updated_at` timestamp NULL DEFAULT NULL
) ENGINE=InnoDB DEFAULT CHARSET=utf8mb4 COLLATE=utf8mb4_unicode_ci;

--
-- Dumping data for table `users`
--

INSERT INTO `users` (`id`, `email`, `password`, `ip_address`, `remember_token`, `logged_in_at`, `logged_out_at`, `created_at`, `updated_at`) VALUES
(1, 'admin@admin.com', '$2y$10$nAIWtmf/OBQ/W11ogH8wWuAyMF5VKC/8UjXDYeXLN2yhSaMqEhFMy', '127.0.0.1', 'tAk5ZU4gtwEhVN39CQrsQAdrSMZ4Qw6aaNP1W42eH6C0hycTn2xWYt1E0cm4', '2024-10-24 03:15:08', '2024-10-22 09:43:08', '2024-10-22 09:21:40', '2024-10-24 03:15:08');

--
-- Indexes for dumped tables
--

--
-- Indexes for table `articles`
--
ALTER TABLE `articles`
  ADD PRIMARY KEY (`id`),
  ADD KEY `articles_published_at_slug_index` (`published_at`,`slug`),
  ADD KEY `articles_category_id_foreign` (`category_id`);

--
-- Indexes for table `categories`
--
ALTER TABLE `categories`
  ADD PRIMARY KEY (`id`),
  ADD KEY `categories_slug_index` (`slug`);

--
-- Indexes for table `failed_jobs`
--
ALTER TABLE `failed_jobs`
  ADD PRIMARY KEY (`id`),
  ADD UNIQUE KEY `failed_jobs_uuid_unique` (`uuid`);

--
-- Indexes for table `migrations`
--
ALTER TABLE `migrations`
  ADD PRIMARY KEY (`id`);

--
-- Indexes for table `pages`
--
ALTER TABLE `pages`
  ADD PRIMARY KEY (`id`),
  ADD KEY `pages_slug_index` (`slug`);

--
-- Indexes for table `users`
--
ALTER TABLE `users`
  ADD PRIMARY KEY (`id`),
  ADD UNIQUE KEY `users_email_unique` (`email`),
  ADD KEY `users_ip_address_index` (`ip_address`);

--
-- AUTO_INCREMENT for dumped tables
--

--
-- AUTO_INCREMENT for table `articles`
--
ALTER TABLE `articles`
  MODIFY `id` bigint(20) UNSIGNED NOT NULL AUTO_INCREMENT, AUTO_INCREMENT=41;

--
-- AUTO_INCREMENT for table `categories`
--
ALTER TABLE `categories`
  MODIFY `id` bigint(20) UNSIGNED NOT NULL AUTO_INCREMENT, AUTO_INCREMENT=6;

--
-- AUTO_INCREMENT for table `failed_jobs`
--
ALTER TABLE `failed_jobs`
  MODIFY `id` bigint(20) UNSIGNED NOT NULL AUTO_INCREMENT;

--
-- AUTO_INCREMENT for table `migrations`
--
ALTER TABLE `migrations`
  MODIFY `id` int(10) UNSIGNED NOT NULL AUTO_INCREMENT, AUTO_INCREMENT=6;

--
-- AUTO_INCREMENT for table `pages`
--
ALTER TABLE `pages`
  MODIFY `id` bigint(20) UNSIGNED NOT NULL AUTO_INCREMENT, AUTO_INCREMENT=11;

--
-- AUTO_INCREMENT for table `users`
--
ALTER TABLE `users`
  MODIFY `id` bigint(20) UNSIGNED NOT NULL AUTO_INCREMENT, AUTO_INCREMENT=2;

--
-- Constraints for dumped tables
--

--
-- Constraints for table `articles`
--
ALTER TABLE `articles`
  ADD CONSTRAINT `articles_category_id_foreign` FOREIGN KEY (`category_id`) REFERENCES `categories` (`id`) ON DELETE CASCADE;
COMMIT;

/*!40101 SET CHARACTER_SET_CLIENT=@OLD_CHARACTER_SET_CLIENT */;
/*!40101 SET CHARACTER_SET_RESULTS=@OLD_CHARACTER_SET_RESULTS */;
/*!40101 SET COLLATION_CONNECTION=@OLD_COLLATION_CONNECTION */;
